{"cameraMode":{"drawMode":0,"name":"Shaded","section":"Shading Mode"},"sceneLighting":false,"audioPlay":false,"sceneViewState":{"m_AlwaysRefresh":false,"showFog":false,"showSkybox":false,"showFlares":false,"showImageEffects":false,"showParticleSystems":false,"showVisualEffectGraphs":true,"m_FxEnabled":true},"in2DMode":false,"pivot":{"x":0.0001996755599975586,"y":1.0690927505493165,"z":-0.029966413974761964},"rotation":{"x":0.0011528090108186007,"y":0.9962562918663025,"z":0.013450279831886292,"w":-0.08538814634084702},"size":1.6339013576507569,"orthographic":false}